"Y(X), created by Plot Digitizer, 2.6.8"
"Date: 1/30/20, 6:28:08 PM"


20
X,Y
2247.79,0.00206741,
2769.91,0.00218521,
3265.49,0.00228534,
3769.91,0.00253272,
4247.79,0.00247382,
4761.06,0.00213809,
5265.49,0.00187893,
5778.76,0.00176702,
6265.49,0.00175524,
6778.76,0.00141950,
7265.49,0.00121335,
7761.06,0.00107199,
8256.64,0.00106021,
8761.06,0.000848168,
9256.64,0.000783377,
9752.21,0.000777487,
10247.8,0.000712696,
10752.2,0.000636126,
11256.6,0.000571335,
11769.9,0.000583115,
