"Y(X), created by Plot Digitizer, 2.6.8"
"Date: 1/30/20, 6:26:54 PM"


20
X,Y
2256.64,0.00354581,
2699.11,0.00338089,
3274.34,0.00294503,
3752.21,0.00289202,
4274.34,0.00272120,
4814.16,0.00225589,
5274.34,0.00200262,
5769.91,0.00189071,
6256.64,0.00190249,
6752.21,0.00157853,
7238.94,0.00134293,
7752.21,0.00118979,
8247.79,0.00117212,
8761.06,0.000960079,
9238.94,0.000889398,
9743.36,0.000895288,
10265.5,0.000830497,
10743.4,0.000742147,
11230.1,0.000659686,
11761.1,0.000689136,
