"Y(X), created by Plot Digitizer, 2.6.8"
"Date: 1/30/20, 6:25:17 PM"


20
X,Y
2247.79,0.00280366,
2769.91,0.00277421,
3265.49,0.00262696,
3769.91,0.00272120,
4274.34,0.00260340,
4761.06,0.00221466,
5274.34,0.00194372,
5761.06,0.00182003,
6265.49,0.00183770,
6761.06,0.00149018,
7247.79,0.00128403,
7752.21,0.00112500,
8247.79,0.00112500,
8761.06,0.000912958,
9256.64,0.000842277,
9761.06,0.000848168,
10256.6,0.000783377,
10752.2,0.000689136,
11247.8,0.000618456,
11761.1,0.000636126,
